{
  "full": {
    "accuracy": 1.0,
    "macro_f1": 1.0,
    "macro_precision": 1.0,
    "macro_recall": 1.0
  },
  "response_only": {
    "accuracy": 0.83,
    "macro_f1": 0.7680603161528805,
    "macro_precision": 0.8348579847192242,
    "macro_recall": 0.8133333333333334
  },
  "context_only": {
    "accuracy": 0.8466666666666667,
    "macro_f1": 0.8420001587681799,
    "macro_precision": 0.8667870600320834,
    "macro_recall": 0.82875
  }
}