Metric,Model,Judge,Delta
Accuracy,0.98,0.51,-0.47
Macro F1,0.9793,0.3806,-0.5987
Latency (ms),26.5,449.7,
,,,
Per-Class F1,,,
NORMAL,0.961,0.592,-0.369
V1,1.0,0.0,-1.0
V2,0.9917,0.6765,-0.31520000000000004
V3,1.0,0.0,-1.0
V4,0.9231,0.1818,-0.7413000000000001
V5,1.0,0.8333,-0.16669999999999996
,,,
Agreement,,,
Agreement Rate,0.4933,,
Cohens Kappa,0.3575,,
