{
  "total_violations": 220,
  "detected": 212,
  "detection_rate": 0.9636363636363636,
  "exact_match": 207,
  "exact_match_rate": 0.9409090909090909,
  "corrected": 46,
  "correction_rate": 0.2169811320754717,
  "failsafed": 166,
  "resolved": 212,
  "resolved_rate": 1.0,
  "still_violated": 0,
  "leakage_rate": 0.0,
  "missed": 8,
  "total_safe_rate": 0.9636363636363636,
  "retry_stats": {
    "avg": 2.650943396226415,
    "max": 3,
    "distribution": {
      "3": 170,
      "1": 32,
      "2": 10
    }
  },
  "per_violation": {
    "v1": {
      "total": 50,
      "detected": 47,
      "exact_match": 47,
      "corrected": 0,
      "failsafed": 47,
      "resolved": 47,
      "detection_rate": 0.94,
      "exact_match_rate": 0.94,
      "resolved_rate": 1.0,
      "avg_retries": 3.0
    },
    "v2": {
      "total": 60,
      "detected": 58,
      "exact_match": 56,
      "corrected": 34,
      "failsafed": 24,
      "resolved": 58,
      "detection_rate": 0.9666666666666667,
      "exact_match_rate": 0.9333333333333333,
      "resolved_rate": 1.0,
      "avg_retries": 2.0517241379310347
    },
    "v3": {
      "total": 50,
      "detected": 49,
      "exact_match": 48,
      "corrected": 2,
      "failsafed": 47,
      "resolved": 49,
      "detection_rate": 0.98,
      "exact_match_rate": 0.96,
      "resolved_rate": 1.0,
      "avg_retries": 2.9591836734693877
    },
    "v4": {
      "total": 30,
      "detected": 29,
      "exact_match": 28,
      "corrected": 2,
      "failsafed": 27,
      "resolved": 29,
      "detection_rate": 0.9666666666666667,
      "exact_match_rate": 0.9333333333333333,
      "resolved_rate": 1.0,
      "avg_retries": 2.896551724137931
    },
    "v5": {
      "total": 30,
      "detected": 29,
      "exact_match": 28,
      "corrected": 8,
      "failsafed": 21,
      "resolved": 29,
      "detection_rate": 0.9666666666666667,
      "exact_match_rate": 0.9333333333333333,
      "resolved_rate": 1.0,
      "avg_retries": 2.5172413793103448
    }
  }
}