{
  "observed": {
    "n_total": 300,
    "n_normal": 80,
    "n_violation": 220,
    "pv": 0.7333333333333333,
    "pd": 0.38636363636363635,
    "pfp": 0.0,
    "fnr": 0.6136363636363636,
    "fp_count": 0,
    "fn_count": 135,
    "per_violation": {
      "v1": {
        "total": 50,
        "detected": 39,
        "rate": 0.78
      },
      "v2": {
        "total": 60,
        "detected": 15,
        "rate": 0.25
      },
      "v3": {
        "total": 50,
        "detected": 16,
        "rate": 0.32
      },
      "v4": {
        "total": 30,
        "detected": 0,
        "rate": 0.0
      },
      "v5": {
        "total": 30,
        "detected": 15,
        "rate": 0.5
      }
    }
  },
  "latency": {
    "cg": {
      "mean": 1081.2546666666667,
      "median": 1014.4,
      "p95": 1462.6,
      "min": 670.8,
      "max": 7015.7,
      "n": 300
    },
    "cd": {
      "mean": 27.122999999999998,
      "median": 26.3,
      "p95": 30.1,
      "min": 10.3,
      "max": 401.9,
      "n": 300
    },
    "cr": {
      "mean": 3985.2164705882356,
      "median": 4250.9,
      "p95": 5586.3,
      "min": 1163.7,
      "max": 6592.7,
      "n": 85
    },
    "cj": {
      "mean": 459.75533333333334,
      "median": 418.9,
      "p95": 655.5,
      "min": 345.7,
      "max": 1719.6,
      "n": 300
    },
    "cd_cross": {
      "mean": 27.719,
      "median": 27.1,
      "p95": 30.6,
      "min": 12.4,
      "max": 176.1,
      "n": 300
    },
    "total_ours": {
      "mean": 2241.9203333333335,
      "median": 1169.3,
      "p95": 6141.4,
      "min": 702.8,
      "max": 7387.3,
      "n": 300
    },
    "avg_retries": 2.6470588235294117,
    "n_rewrite_triggered": 85
  },
  "expected_cost": {
    "p_rewrite": 0.2833333333333333,
    "ec_ours": 2237.5223333333333,
    "ec_judge": 1541.01,
    "savings_ms": -696.5123333333333,
    "savings_pct": -45.19843046659875,
    "ec_ours_fast": 1108.3776666666668,
    "ec_ours_slow": 5093.594137254902
  },
  "gold_corrected": {
    "pd_gold": 1.0,
    "pfp_gold": 0.0,
    "p_rewrite_gold": 0.7333333333333333,
    "ec_ours_gold": 4030.8697450980394,
    "savings_gold_ms": -2489.8597450980396,
    "savings_gold_pct": -161.57323736367962,
    "breakeven_pv": 0.10855930575572345
  }
}