{
  "observed": {
    "n_total": 600,
    "n_normal": 160,
    "n_violation": 440,
    "pv": 0.7333333333333333,
    "pd": 0.5590909090909091,
    "pfp": 0.0125,
    "fnr": 0.4409090909090909,
    "fp_count": 2,
    "fn_count": 194,
    "per_violation": {
      "v1": {
        "total": 100,
        "detected": 85,
        "rate": 0.85
      },
      "v2": {
        "total": 120,
        "detected": 38,
        "rate": 0.31666666666666665
      },
      "v3": {
        "total": 100,
        "detected": 59,
        "rate": 0.59
      },
      "v4": {
        "total": 60,
        "detected": 24,
        "rate": 0.4
      },
      "v5": {
        "total": 60,
        "detected": 40,
        "rate": 0.6666666666666666
      }
    }
  },
  "latency": {
    "cg": {
      "mean": 1493.1580000000001,
      "median": 1234.0,
      "p95": 3177.7,
      "min": 670.8,
      "max": 12785.4,
      "n": 600
    },
    "cd": {
      "mean": 29.05316666666667,
      "median": 27.1,
      "p95": 35.5,
      "min": 10.3,
      "max": 409.7,
      "n": 600
    },
    "cr": {
      "mean": 6496.3229838709685,
      "median": 5603.0,
      "p95": 11623.0,
      "min": 1163.7,
      "max": 17303.2,
      "n": 248
    },
    "cj": {
      "mean": 878.7703333333333,
      "median": 781.5,
      "p95": 1694.9,
      "min": 422.8,
      "max": 2126.3,
      "n": 300
    },
    "cd_cross": {
      "mean": 30.514666666666667,
      "median": 30.1,
      "p95": 38.7,
      "min": 9.7,
      "max": 345.8,
      "n": 300
    },
    "total_ours": {
      "mean": 4211.701666666667,
      "median": 1954.8,
      "p95": 12364.5,
      "min": 702.8,
      "max": 24433.4,
      "n": 600
    },
    "avg_retries": 2.6411290322580645,
    "n_rewrite_triggered": 248
  },
  "expected_cost": {
    "p_rewrite": 0.4225,
    "ec_ours": 4266.9076273521505,
    "ec_judge": 2371.9283333333333,
    "savings_ms": -1894.9792940188172,
    "savings_pct": -79.89192874793788,
    "ec_ours_fast": 1522.2111666666667,
    "ec_ours_slow": 8018.5341505376355
  },
  "gold_corrected": {
    "pd_gold": 1.0,
    "pfp_gold": 0.0,
    "p_rewrite_gold": 0.7333333333333333,
    "ec_ours_gold": 6286.18135483871,
    "savings_gold_ms": -3914.2530215053766,
    "savings_gold_pct": -165.0240846865965,
    "breakeven_pv": 0.13079971066345364
  }
}